Title,Ratings,Book_format,Price,Cover
"Hands-on Machine Learning with Scikit-Learn, Keras, and TensorFlow: Concepts, Tools, and Techniques to Build Intelligent Systems",4.8 out of 5 stars,Paperback,£37.49,https://m.media-amazon.com/images/I/81R5BmGtv-L._AC_UY218_.jpg
Machine Learning with PyTorch and Scikit-Learn: Develop machine learning and deep learning models with Python,4.6 out of 5 stars,Paperback,£33.99,https://m.media-amazon.com/images/I/61t-hZEfPFL._AC_UY218_.jpg
Machine Learning Engineering,4.7 out of 5 stars,Paperback,£29.95,https://m.media-amazon.com/images/I/51XUfJm64KL._AC_UY218_.jpg
The Hundred-Page Machine Learning Book,4.6 out of 5 stars,Paperback,£30.72,https://m.media-amazon.com/images/I/51DQ9Bs-h-L._AC_UY218_.jpg
Machine Learning for Absolute Beginners: A Plain English Introduction (Third Edition) (Python for Data Science Book 3),4.3 out of 5 stars,Kindle Edition,£0.00,https://m.media-amazon.com/images/I/61qHCE9uWaL._AC_UY218_.jpg
Machine Learning: A Probabilistic Perspective (Adaptive Computation and Machine Learning Series),4.5 out of 5 stars,Hardcover,£64.05,https://m.media-amazon.com/images/I/61teoUfX0UL._AC_UY218_.jpg
Deep Learning (Adaptive Computation and Machine Learning Series),4.5 out of 5 stars,Hardcover,£50.49,https://m.media-amazon.com/images/I/A1GbblX7rOL._AC_UY218_.jpg
Mathematics for Machine Learning,4.6 out of 5 stars,Paperback,£30.99,https://m.media-amazon.com/images/I/71nSoeWRPNL._AC_UY218_.jpg
Introduction to Machine Learning,,Prime Video,,https://m.media-amazon.com/images/I/81oshL9Xg1L._AC_UY218_.jpg
Machine Learning in Finance: From Theory to Practice,4.5 out of 5 stars,Paperback,£66.19,https://m.media-amazon.com/images/I/619C-wKjMpS._AC_UY218_.jpg
"Python Machine Learning: Machine Learning and Deep Learning with Python, scikit-learn, and TensorFlow 2, 3rd Edition",4.4 out of 5 stars,Paperback,£30.99,https://m.media-amazon.com/images/I/71DoK1IGBgL._AC_UY218_.jpg
Encyclopedia of Machine Learning and Data Mining,,Hardcover,£549.99,https://m.media-amazon.com/images/I/61iNCGq-CoL._AC_UY218_.jpg
Building Machine Learning Powered Applications: Going from Idea to Product,4.4 out of 5 stars,Paperback,£30.75,https://m.media-amazon.com/images/I/81K0-dM91hL._AC_UY218_.jpg
Probabilistic Machine Learning: An Introduction (Adaptive Computation and Machine Learning),4.6 out of 5 stars,Hardcover,£96.00,https://m.media-amazon.com/images/I/71ibtC-lA+L._AC_UY218_.jpg
"Machine Learning with R: Expert techniques for predictive modeling, 3rd Edition",4.6 out of 5 stars,Paperback,£33.99,https://m.media-amazon.com/images/I/71XxckcL8PL._AC_UY218_.jpg
Advances in Financial Machine Learning,4.4 out of 5 stars,Hardcover,£25.07,https://m.media-amazon.com/images/I/51A6sUbwG2L._AC_UY218_.jpg
"Machine Learning Design Patterns: Solutions to Common Challenges in Data Preparation, Model Building, and MLOps",4.5 out of 5 stars,Paperback,£32.99,https://m.media-amazon.com/images/I/81UVS0gFfdL._AC_UY218_.jpg
Approaching (Almost) Any Machine Learning Problem,4.5 out of 5 stars,Paperback,£9.98,https://m.media-amazon.com/images/I/617AojqpnrL._AC_UY218_.jpg
"Machine Learning for Algorithmic Trading: Predictive models to extract signals from market and alternative data for systematic trading strategies with Python, 2nd Edition",4.4 out of 5 stars,Paperback,£41.99,https://m.media-amazon.com/images/I/71r4imMDTbL._AC_UY218_.jpg
Machine Learning: An Applied Mathematics Introduction,4.3 out of 5 stars,Paperback,£13.89,https://m.media-amazon.com/images/I/51ITCWUubgL._AC_UY218_.jpg
Machine Learning for Kids: A Project-Based Introduction to Artificial Intelligence: A Playful Introduction to Artificial Intelligence,4.7 out of 5 stars,Paperback,£18.15,https://m.media-amazon.com/images/I/81+wJOMyovL._AC_UY218_.jpg
"Machine Learning For Dummies, 2nd Edition",4.1 out of 5 stars,Paperback,£15.14,https://m.media-amazon.com/images/I/61nEX13VPpL._AC_UY218_.jpg
Machine Learning For Absolute Beginners: A Plain English Introduction: 1 (Machine Learning From Scratch),4.3 out of 5 stars,Paperback,£8.99,https://m.media-amazon.com/images/I/61wE3DEsa3L._AC_UY218_.jpg
Introduction to Machine Learning with Python: A Guide for Data Scientists,4.5 out of 5 stars,Paperback,£30.91,https://m.media-amazon.com/images/I/710aLBwkr7L._AC_UY218_.jpg
Trustworthy Machine Learning,4.9 out of 5 stars,Paperback,£5.60,https://m.media-amazon.com/images/I/61Iq3+h+v4L._AC_UY218_.jpg
"Python for Finance and Algorithmic Trading: Machine Learning, Deep Learning, Time Series Analysis, Risk and Portfolio Management, Quantitative Trading ... ready-to-use included (1st Edition)",4.4 out of 5 stars,Paperback,£26.57,https://m.media-amazon.com/images/I/61eDHvwkERL._AC_UY218_.jpg
Machine Learning: A First Course for Engineers and Scientists,,Hardcover,£54.99,https://m.media-amazon.com/images/I/51xh3vekiTL._AC_UY218_.jpg
"Becoming a Data Head: How to Think, Speak, and Understand Data Science, Statistics, and Machine Learning",4.6 out of 5 stars,Paperback,£20.61,https://m.media-amazon.com/images/I/61QvFYU1vfS._AC_UY218_.jpg
Hands-On Image Generation with TensorFlow: A practical guide to generating images and videos using deep learning,4.7 out of 5 stars,Paperback,£29.99,https://m.media-amazon.com/images/I/41U3Jo-NV-S._AC_UY218_.jpg
"Beginner's Guide to CNC Machining for Wood and Metal: Understanding the Machines, Tools and Software, Plus Projects to Make (Fox Chapel Publishing) Accessible Resource to Learning the Fundamentals",4.3 out of 5 stars,Paperback,£14.02,https://m.media-amazon.com/images/I/91tupVZrgbL._AC_UY218_.jpg
SQL for Data Analysis: Advanced Techniques for Transforming Data into Insights,4.8 out of 5 stars,Paperback,£31.19,https://m.media-amazon.com/images/I/714qourw99L._AC_UY218_.jpg
Drawing: Basic Textures in Pencil: A beginner's guide to realistic textures in graphite: 1 (How to Draw & Paint),4.4 out of 5 stars,Paperback,£6.99,https://m.media-amazon.com/images/I/91WLAP5IpGL._AC_UY218_.jpg
Interpretable Machine Learning: A Guide For Making Black Box Models Explainable,,Paperback,£41.00,https://m.media-amazon.com/images/I/61E1+hGmEgL._AC_UY218_.jpg
"Machine Learning for Time-Series with Python: Forecast, predict, and detect anomalies with state-of-the-art machine learning methods",4.0 out of 5 stars,Paperback,£29.99,https://m.media-amazon.com/images/I/61CucXqLEyL._AC_UY218_.jpg
Interpretable Machine Learning with Python: Learn to build interpretable high-performance models with hands-on real-world examples,4.5 out of 5 stars,Paperback,£37.99,https://m.media-amazon.com/images/I/710nbBRYUJL._AC_UY218_.jpg
Blaze and the Monster Machines - Volume 2,3.9 out of 5 stars,Prime Video,£1.89,https://m.media-amazon.com/images/I/91cXWjWFCYL._AC_UY218_.jpg
C#: The Ultimate Intermediate Guide To Learn C# Programming Step By Step (Computer Programming),4.1 out of 5 stars,Paperback,£22.99,https://m.media-amazon.com/images/I/610dv7rfDrL._AC_UY218_.jpg
Sewing School 2: Lessons in Machine Sewing; 20 Projects Kids Will Love to Make,4.6 out of 5 stars,Spiral-bound,£12.52,https://m.media-amazon.com/images/I/91HxCzO4hfL._AC_UY218_.jpg
Pattern Recognition and Machine Learning (Information Science and Statistics) (Information Science and Statistics),4.7 out of 5 stars,Hardcover,£53.12,https://m.media-amazon.com/images/I/71fqxXDY2ZL._AC_UY218_.jpg
Secure Compressed Data Processing- Application to Machine Learning and Connected Implants,,Kindle Edition,£0.00,https://m.media-amazon.com/images/I/81LOjd0aKsL._AC_UY218_.jpg
HATE SPEECH DETECTION AND SENTIMENT ANALYSIS USING MACHINE LEARNING AND DEEP LEARNING WITH PYTHON GUI,,Paperback,£22.87,https://m.media-amazon.com/images/I/61DBJ2rbKvL._AC_UY218_.jpg
Machine Learning Engineering with Python: Manage the production life cycle of machine learning models using MLOps with practical examples,4.7 out of 5 stars,Paperback,£29.99,https://m.media-amazon.com/images/I/61j4ewGmZrL._AC_UY218_.jpg
Practical Discrete Mathematics: Discover math principles that fuel algorithms for computer science and machine learning with Python,4.2 out of 5 stars,Paperback,£44.99,https://m.media-amazon.com/images/I/7191HOxgB4L._AC_UY218_.jpg
MACHINE LEARNING: 5 Books in 1 – The Mathematics of Computer Science and Applied Artificial Intelligence,3.4 out of 5 stars,Paperback,£39.90,https://m.media-amazon.com/images/I/61ZG+eQ1GFL._AC_UY218_.jpg
Machine Learning for Time Series Forecasting with Python,3.8 out of 5 stars,Paperback,£29.99,https://m.media-amazon.com/images/I/61uE-UO1t7L._AC_UY218_.jpg
"Managing Architectural Contributions in Software Projects- Metrics, Empirical Analytics, and Machine Learning",,Kindle Edition,£0.00,https://m.media-amazon.com/images/I/81LOjd0aKsL._AC_UY218_.jpg
"Data Science Projects with Python: A case study approach to gaining valuable insights from real data with machine learning, 2nd Edition",4.0 out of 5 stars,Paperback,£26.99,https://m.media-amazon.com/images/I/61UgIJAuuWL._AC_UY218_.jpg
Practical Natural Language Processing: A Comprehensive Guide to Building Real-World NLP Systems,4.3 out of 5 stars,Paperback,£36.85,https://m.media-amazon.com/images/I/91pDCEA5uTL._AC_UY218_.jpg
"Python Machine Learning By Example: Build intelligent systems using Python, TensorFlow 2, PyTorch, and scikit-learn, 3rd Edition",4.5 out of 5 stars,Paperback,£26.99,https://m.media-amazon.com/images/I/61IQqt1LRbL._AC_UY218_.jpg
Machine Learning for Risk Calculations: A Practitioner′s View (The Wiley Finance Series),5.0 out of 5 stars,Hardcover,£49.64,https://m.media-amazon.com/images/I/41+cYmxl30L._AC_UY218_.jpg
"Python Machine Learning for Beginners: Learning from scratch NumPy, Pandas, Matplotlib, Seaborn, Scikitlearn, and TensorFlow for Machine Learning and ... Learning & Data Science for Beginners)",4.4 out of 5 stars,Paperback,£15.54,https://m.media-amazon.com/images/I/61Hvr4Rk9wL._AC_UY218_.jpg
AWS Certified Machine Learning Study Guide: Specialty (MLS–C01) Exam,5.0 out of 5 stars,Paperback,£31.33,https://m.media-amazon.com/images/I/51uiR+9BaLL._AC_UY218_.jpg
"Agile Machine Learning with DataRobot: Automate each step of the machine learning life cycle, from understanding problems to delivering value",,Paperback,£37.99,https://m.media-amazon.com/images/I/610vEri2-xL._AC_UY218_.jpg
Multiple Anomaly Detection by Machine Learning of Rules in Time Series,,Kindle Edition,£0.00,https://m.media-amazon.com/images/I/81LOjd0aKsL._AC_UY218_.jpg
"Data Science at the Command Line: Obtain, Scrub, Explore, and Model Data with Unix Power Tools",4.0 out of 5 stars,Paperback,£31.19,https://m.media-amazon.com/images/I/91m1qz7cHqL._AC_UY218_.jpg
Blaze and the Monster Machines Season 1,,Prime Video,,https://m.media-amazon.com/images/I/810zP-t12RL._AC_UY218_.jpg
Machine Learning with Python: A Practical Beginners’ Guide: 2 (Machine Learning from Scratch),4.5 out of 5 stars,Paperback,£11.29,https://m.media-amazon.com/images/I/61EMBDPSekL._AC_UY218_.jpg
Machine Learning Prediction of Abnormal Situations for Predictive Maintenance- Optimal Transport Approaches for Anomaly Detection,,Kindle Edition,£0.00,https://m.media-amazon.com/images/I/81LOjd0aKsL._AC_UY218_.jpg
The Gulf War: A Captivating Guide to the United States-Led Persian Gulf War against Iraq for Their Invasion and Annexation of Kuwait (Captivating History),3.9 out of 5 stars,Paperback,£10.21,https://m.media-amazon.com/images/I/61BRHSM4ttL._AC_UY218_.jpg
Machine Learning in Medicine - Cookbook (SpringerBriefs in Statistics),1.0 out of 5 stars,Paperback,£46.71,https://m.media-amazon.com/images/I/61ekM1VYQXL._AC_UY218_.jpg
AI and Machine Learning For Coders: A Programmer's Guide to Artificial Intelligence,4.8 out of 5 stars,Paperback,£31.49,https://m.media-amazon.com/images/I/71uB2OW3c0S._AC_UY218_.jpg
"Advanced R Statistical Programming and Data Models: Analysis, Machine Learning, and Visualization",3.8 out of 5 stars,Paperback,£31.13,https://m.media-amazon.com/images/I/61Q7X8tUFHL._AC_UY218_.jpg
Grokking Machine Learning,4.2 out of 5 stars,Paperback,£28.54,https://m.media-amazon.com/images/I/81dwFvKMTeL._AC_UY218_.jpg
Machine Learning: The New AI (The MIT Press Essential Knowledge Series),4.1 out of 5 stars,Paperback,£9.99,https://m.media-amazon.com/images/I/71Lz9L+MqZL._AC_UY218_.jpg
Tree-Based Machine Learning Methods in SAS® Viya®,,Paperback,£51.95,https://m.media-amazon.com/images/I/61vVDlqNreL._AC_UY218_.jpg
Machine Learning with Python Cookbook: Practical Solutions from Preprocessing to Deep Learning,4.5 out of 5 stars,Paperback,£31.49,https://m.media-amazon.com/images/I/515HMHyy30L._AC_UY218_.jpg
Introduction to Machine Learning (Adaptive Computation and Machine Learning series),4.8 out of 5 stars,Hardcover,£41.65,https://m.media-amazon.com/images/I/717MAJeidnL._AC_UY218_.jpg
Machine Learning with scikit-learn and Tensorflow,1.0 out of 5 stars,Prime Video,£1.99,https://m.media-amazon.com/images/I/61nxBmXMn9L._AC_UY218_.jpg
Azure Data Scientist Associate Certification Guide: A hands-on guide to machine learning in Azure and passing the Microsoft Certified DP-100 exam,4.1 out of 5 stars,Paperback,£37.99,https://m.media-amazon.com/images/I/611rv-5EnnL._AC_UY218_.jpg
The Recursive Universe: Cosmic Complexity and the Limits of Scientific Knowledge (Dover Books on Science),4.5 out of 5 stars,Paperback,£9.75,https://m.media-amazon.com/images/I/71oPcZt9XAL._AC_UY218_.jpg
Automated Machine Learning with Microsoft Azure: Build highly accurate and scalable end-to-end AI solutions with Azure AutoML,4.7 out of 5 stars,Paperback,£33.99,https://m.media-amazon.com/images/I/51VMMnDNOnL._AC_UY218_.jpg
Machine Learning: A Bayesian and Optimization Perspective,4.8 out of 5 stars,Hardcover,£52.96,https://m.media-amazon.com/images/I/81DOPSkpR-L._AC_UY218_.jpg
"Python for Beginners: Comprehensive Guide to the Basics of Programming, Machine Learning, Data Science and Analysis with Python.",3.1 out of 5 stars,Paperback,£19.95,https://m.media-amazon.com/images/I/61mnh8nwvPL._AC_UY218_.jpg
TRAVEL REVIEW RATING CLASSIFICATION AND PREDICTION USING MACHINE LEARNING WITH PYTHON GUI,,Kindle Edition,£7.62,https://m.media-amazon.com/images/I/71cqN-YJbML._AC_UY218_.jpg
"The Digital Mindset: What It Really Takes to Thrive in the Age of Data, Algorithms, and AI",,Hardcover,£19.36,https://m.media-amazon.com/images/I/71aHl0ehr8S._AC_UY218_.jpg
The Sewing Machine Accessory Bible,4.8 out of 5 stars,Paperback,£10.47,https://m.media-amazon.com/images/I/51SkBiNkAIL._AC_UY218_.jpg
Machine Learning Bookcamp: Build a Portfolio of Real-Life Projects,5.0 out of 5 stars,Paperback,£25.22,https://m.media-amazon.com/images/I/71IIsY+pxFL._AC_UY218_.jpg
Machine Learning Using TensorFlow Cookbook: Create powerful machine learning algorithms with TensorFlow,4.5 out of 5 stars,Paperback,£26.99,https://m.media-amazon.com/images/I/610vnpqCCiS._AC_UY218_.jpg
Machine Learning for Kids (Tinker Toddlers) (1),4.2 out of 5 stars,Hardcover,£11.75,https://m.media-amazon.com/images/I/71SkplRHAPL._AC_UY218_.jpg
Hello World: Being Human in the Age of Algorithms,4.5 out of 5 stars,Paperback,£10.48,https://m.media-amazon.com/images/I/71S-qeBWT2L._AC_UY218_.jpg
Hands-On Gradient Boosting with XGBoost and scikit-learn: Perform accessible machine learning and extreme gradient boosting with Python,4.6 out of 5 stars,Paperback,£29.99,https://m.media-amazon.com/images/I/71IGSpVh55L._AC_UY218_.jpg
Feature Engineering for Machine Learning: Principles and Techniques for Data Scientists,4.2 out of 5 stars,Paperback,£30.75,https://m.media-amazon.com/images/I/91zmHDUBLoL._AC_UY218_.jpg
"Advanced Deep Learning with R: Become an expert at designing, building, and improving advanced neural network models using R",4.4 out of 5 stars,Paperback,£33.99,https://m.media-amazon.com/images/I/61t4iqMcJdL._AC_UY218_.jpg
AI and Machine Learning for On-Device Development: A Programmer's Guide,4.0 out of 5 stars,Paperback,£30.91,https://m.media-amazon.com/images/I/810h+pz9IlL._AC_UY218_.jpg
Machine Learning Engineering in Action,,Kindle Edition,£32.20,https://m.media-amazon.com/images/I/01RmK+J4pJL._AC_UY218_.gif
Hands-on Machine Learning with Python: Implement Neural Network Solutions with Scikit-learn and PyTorch,,Paperback,£39.99,https://m.media-amazon.com/images/I/71-Vz5kvEpL._AC_UY218_.jpg
Diego Maradona,4.6 out of 5 stars,Prime Video,£2.49,https://m.media-amazon.com/images/I/71CFLfZo4NL._AC_UY218_.jpg
Python Machine Learning,4.4 out of 5 stars,Paperback,£20.22,https://m.media-amazon.com/images/I/51We6WYiapL._AC_UY218_.jpg
Taxonomy of the most commonly used Machine Learning Algorithms (Arificial Intelligence),5.0 out of 5 stars,Paperback,£7.63,https://m.media-amazon.com/images/I/61Nted-nkhL._AC_UY218_.jpg
"A Journey to Core Python: Experience the Applications of Tuples, Dictionary, Lists, Operators, Loops, Indexing, Slicing, and Matrices (English Edition)",,Paperback,£22.99,https://m.media-amazon.com/images/I/81fxPxmrL7L._AC_UY218_.jpg
Machine Learning for Decision Makers: Cognitive Computing Fundamentals for Better Decision Making,4.0 out of 5 stars,Paperback,£22.99,https://m.media-amazon.com/images/I/71RFsTKtZRL._AC_UY218_.jpg
A First Course in Machine Learning (Chapman & Hall/CRC Machine Learning & Pattern Recognition),4.4 out of 5 stars,Hardcover,£40.96,https://m.media-amazon.com/images/I/51DErx+11qL._AC_UY218_.jpg
"Data Science on AWS: Implementing End-to-End, Continuous AI and Machine Learning Pipelines",4.3 out of 5 stars,Paperback,£37.99,https://m.media-amazon.com/images/I/81k33dFBLtS._AC_UY218_.jpg
Boosting: Foundations and Algorithms (Adaptive Computation and Machine Learning series),4.3 out of 5 stars,Paperback,£24.49,https://m.media-amazon.com/images/I/718-N13kmbL._AC_UY218_.jpg
"Artificial Intelligence By Example: Acquire advanced AI, machine learning, and deep learning design skills, 2nd Edition",4.9 out of 5 stars,Paperback,£29.99,https://m.media-amazon.com/images/I/71QvouQjn5L._AC_UY218_.jpg
"Predicting Heart Failure: Invasive, Non-Invasive, Machine Learning, and Artificial Intelligence Based Methods",,Kindle Edition,£104.00,https://m.media-amazon.com/images/I/61jrPi9zabL._AC_UY218_.jpg
"Machine Learning with R, tidyverse, and mlr",4.5 out of 5 stars,Paperback,£26.50,https://m.media-amazon.com/images/I/71PU1WqsQRL._AC_UY218_.jpg
Introduction to Machine Learning,4.7 out of 5 stars,Paperback,£28.72,https://m.media-amazon.com/images/I/61j4G-2yFiL._AC_UY218_.jpg
Text as Data: A New Framework for Machine Learning and the Social Sciences,,Paperback,£23.42,https://m.media-amazon.com/images/I/81Aa1Pnmk9S._AC_UY218_.jpg
A Beginner's Guide to Sewing by Hand and Machine: A complete step-by-step course,5.0 out of 5 stars,Paperback,£13.25,https://m.media-amazon.com/images/I/71gwMOk767L._AC_UY218_.jpg
Gaussian Processes for Machine Learning,4.6 out of 5 stars,Hardcover,£32.99,https://m.media-amazon.com/images/I/41AABQ1EEPL._AC_UY218_.jpg
Python Machine Learning: The Ultimate Beginner's Guide to Learn Python Machine Learning Step by Step using Scikit-Learn and Tensorflow (Computer Programming),4.0 out of 5 stars,Kindle Edition,£0.00,https://m.media-amazon.com/images/I/71yiZJ-YoqL._AC_UY218_.jpg
Machine Learning in Action,3.9 out of 5 stars,Paperback,£29.99,https://m.media-amazon.com/images/I/71E1BOlsqqL._AC_UY218_.jpg
Art in the Age of Machine Learning (Leonardo),5.0 out of 5 stars,Hardcover,£29.39,https://m.media-amazon.com/images/I/61XwrfLtGfL._AC_UY218_.jpg
Interpretable Machine Learning,3.9 out of 5 stars,Paperback,£34.52,https://m.media-amazon.com/images/I/71F62XqcSaL._AC_UY218_.jpg
Introduction au Machine Learning - 2e éd.,,Paperback,£19.83,https://m.media-amazon.com/images/I/71N--0ii3IL._AC_UY218_.jpg
Machine Learning for Asset Managers (Elements in Quantitative Finance),4.5 out of 5 stars,Paperback,£13.48,https://m.media-amazon.com/images/I/412eg+8kpHL._AC_UY218_.jpg
James May: Our Man In Japan - Season 1,4.3 out of 5 stars,Prime Video,,https://m.media-amazon.com/images/I/91SoCTBN95L._AC_UY218_.jpg
Data Mining: Practical Machine Learning Tools and Techniques (Morgan Kaufmann Series in Data Management Systems),4.3 out of 5 stars,Paperback,£46.37,https://m.media-amazon.com/images/I/61ANr+w9WQL._AC_UY218_.jpg
How to Draw Military Machines: Step-by-step instructions for 18 high-powered vehicles (Learn to Draw),4.1 out of 5 stars,,£3.99,https://m.media-amazon.com/images/I/51a5aNLapKL._AC_UY218_.jpg
This Little Piggy (Finger Puppet Nursery Rhyme Board Book with Pig puppet for ages 0 and up),4.7 out of 5 stars,Board book,£4.75,https://m.media-amazon.com/images/I/51vSq3YCN7L._AC_UY218_.jpg
Machine Learning for Smart Environments/Cities: An IoT Approach (Intelligent Systems Reference Library Book 121),,Kindle Edition,£111.60,https://m.media-amazon.com/images/I/61XxW8mb0fL._AC_UY218_.jpg
"Hands–On Machine Learning with Scikit–Learn, Keras, and TensorFlow 3e: Concepts, Tools, and Techniques to Build Intelligent Systems",,Paperback,£60.90,https://m.media-amazon.com/images/I/61BTcD-dCUL._AC_UY218_.jpg
Learning in Embedded Systems,5.0 out of 5 stars,Hardcover,£18.65,https://m.media-amazon.com/images/I/516YXY2AG0L._AC_UY218_.jpg
Sewing Machine Basics for Children: A fun step-by-step guide to machine sewing,,Paperback,£9.99,https://m.media-amazon.com/images/I/815npn61WcL._AC_UY218_.jpg
"Natural Language Processing with TensorFlow: The definitive NLP book to implement the most sought-after machine learning models and tasks, 2nd Edition",,Kindle Edition,£19.19,https://m.media-amazon.com/images/I/812X6TiRESL._AC_UY218_.jpg
"The Era of Artificial Intelligence, Machine Learning, and Data Science in the Pharmaceutical Industry",5.0 out of 5 stars,Paperback,£77.79,https://m.media-amazon.com/images/I/71aIdZbs2qS._AC_UY218_.jpg
Machine Learning in Biotechnology and Life Sciences: Build machine learning models using Python and deploy them on the cloud,3.6 out of 5 stars,Paperback,£37.99,https://m.media-amazon.com/images/I/51BrTtmwjGL._AC_UY218_.jpg
Practical Machine Learning in R,4.6 out of 5 stars,Paperback,£21.51,https://m.media-amazon.com/images/I/81bnDjqg2aL._AC_UY218_.jpg
"Building Data Science Applications with FastAPI: Develop, manage, and deploy efficient machine learning applications with Python",3.9 out of 5 stars,Paperback,£37.99,https://m.media-amazon.com/images/I/71GldgI0f-L._AC_UY218_.jpg
"Fundamentals of Machine Learning for Predictive Data Analytics, second edition: Algorithms, Worked Examples, and Case Studies",4.8 out of 5 stars,Kindle Edition,£41.49,https://m.media-amazon.com/images/I/81DUlI2ZSLL._AC_UY218_.jpg
Practical Machine Learning in JavaScript: TensorFlow.js for Web Developers,4.0 out of 5 stars,Paperback,£19.13,https://m.media-amazon.com/images/I/61XvkgfuibL._AC_UY218_.jpg
Learn Data Mining Through Excel: A Step-by-Step Approach for Understanding Machine Learning Methods,4.4 out of 5 stars,Paperback,£21.99,https://m.media-amazon.com/images/I/61-VD3Qer3L._AC_UY218_.jpg
Deep Learning Interviews: Hundreds of fully solved job interview questions from a wide range of key topics in AI.,3.9 out of 5 stars,Paperback,£13.66,https://m.media-amazon.com/images/I/61adOloLPKL._AC_UY218_.jpg
Machine Learning with Python for Everyone (Addison-Wesley Data & Analytics Series),4.6 out of 5 stars,Paperback,£27.21,https://m.media-amazon.com/images/I/51KWNCUbutL._AC_UY218_.jpg
The Black Technical Object: On Machine Learning and the Aspiration of Black Being (Sternberg Press / The Antipolitical),,Paperback,£16.50,https://m.media-amazon.com/images/I/71jfjgJrvXL._AC_UY218_.jpg
"Hands-On Machine Learning with Microsoft Excel 2019: Build complete data analysis flows, from data collection to visualization",4.3 out of 5 stars,Paperback,£29.99,https://m.media-amazon.com/images/I/81hZvWB2OiL._AC_UY218_.jpg
"Learning Vowels - A, E, I, O, U, Y - The Phonics Machine",,Prime Video,£1.99,https://m.media-amazon.com/images/I/81gFy3rT3qL._AC_UY218_.jpg
Graph-Powered Machine Learning,4.8 out of 5 stars,Paperback,£29.01,https://m.media-amazon.com/images/I/61FEpDu3uJL._AC_UY218_.jpg
Supervised Machine Learning for Text Analysis in R (Chapman & Hall/CRC Data Science Series),4.1 out of 5 stars,Paperback,£40.54,https://m.media-amazon.com/images/I/61KEnd8DqOL._AC_UY218_.jpg
Blueprints for Text Analytics using Python: Machine Learning Based Solutions for Common Real World (NLP) Applications,4.8 out of 5 stars,Paperback,£35.29,https://m.media-amazon.com/images/I/91uU8BGFw3L._AC_UY218_.jpg
Machine Learning Cookbook with Python: Create ML and Data Analytics Projects Using Some Amazing Open Datasets (English Edition,4.4 out of 5 stars,Paperback,£20.57,https://m.media-amazon.com/images/I/71d8QMX3sHL._AC_UY218_.jpg
"Mastering Machine Learning on AWS: Advanced machine learning in Python using SageMaker, Apache Spark, and TensorFlow",4.2 out of 5 stars,Paperback,£26.99,https://m.media-amazon.com/images/I/61Z5tPulJdL._AC_UY218_.jpg
Machine Learning Essentials: Practical Guide in R,4.1 out of 5 stars,Paperback,£43.95,https://m.media-amazon.com/images/I/61feLBDLT8L._AC_UY218_.jpg
Practical MLOps: Operationalizing Machine Learning Models,3.9 out of 5 stars,Paperback,£42.39,https://m.media-amazon.com/images/I/81W8SEr-3pL._AC_UY218_.jpg
Machine Learning Pocket Reference: Working with Structured Data in Python,4.5 out of 5 stars,Paperback,£15.30,https://m.media-amazon.com/images/I/61M7dj0fdSL._AC_UY218_.jpg
"Python Machine Learning: Discover the Essentials of Machine Learning, Data Analysis, Data Science, Data Mining and Artificial Intelligence Using Python Code with Python Tricks",4.8 out of 5 stars,Hardcover,£3.05,https://m.media-amazon.com/images/I/71Yn5gbB1HL._AC_UY218_.jpg
"Information Theory, Inference and Learning Algorithms",4.5 out of 5 stars,Hardcover,£42.89,https://m.media-amazon.com/images/I/71OptwbLCjL._AC_UY218_.jpg
Automated Machine Learning in Action,,Paperback,£37.99,https://m.media-amazon.com/images/I/61BwlLaGpKL._AC_UY218_.jpg
Machine Learning and Security: Protecting Systems with Data and Algorithms,4.5 out of 5 stars,Paperback,£34.74,https://m.media-amazon.com/images/I/9148P1E7zcL._AC_UY218_.jpg
Machine Learning for Financial Risk Management with Python: Algorithms for Modeling Risk,4.0 out of 5 stars,Paperback,£41.99,https://m.media-amazon.com/images/I/81a1JpL61IL._AC_UY218_.jpg
Math For Deep Learning: What You Need to Know to Understand Neural Networks,4.0 out of 5 stars,Paperback,£26.63,https://m.media-amazon.com/images/I/810IISMn0mS._AC_UY218_.jpg
"Machine Learning with TensorFlow, Second Edition",5.0 out of 5 stars,Paperback,£31.39,https://m.media-amazon.com/images/I/3131Pc32AdL._AC_UY218_.jpg
"Deep Reinforcement Learning Hands-On: Apply modern RL methods to practical problems of chatbots, robotics, discrete optimization, web automation, and more, 2nd Edition",4.5 out of 5 stars,Paperback,£29.99,https://m.media-amazon.com/images/I/71iHMXSARIL._AC_UY218_.jpg
"Awesome Machine Learning Engineer I Survived 2020: Funny Quarantine Toilet Paper Gift Notebook for Coworker, Appreciation, Birthday │ Blank Ruled Writing Journal Diary 6x9",,Paperback,£5.99,https://m.media-amazon.com/images/I/71GYjYfDFlL._AC_UY218_.jpg
Practical Machine Learning with Python: A Problem-Solver's Guide to Building Real-World Intelligent Systems,5.0 out of 5 stars,Paperback,£44.99,https://m.media-amazon.com/images/I/61opp+l4zOL._AC_UY218_.jpg
Empowering Artificial Intelligence Through Machine Learning: New Advances and Applications,,Kindle Edition,£100.07,https://m.media-amazon.com/images/I/71PppJd39BL._AC_UY218_.jpg
"Statistics for Machine Learning: Techniques for exploring supervised, unsupervised, and reinforcement learning models with Python and R",3.8 out of 5 stars,Paperback,£26.99,https://m.media-amazon.com/images/I/81nYRM+PyPL._AC_UY218_.jpg
Math for Machine Learning,,Prime Video,£0.99,https://m.media-amazon.com/images/I/61DV7yDa-QL._AC_UY218_.jpg
TensorFlow 2 Pocket Reference: Building and Deploying Machine Learning Models,5.0 out of 5 stars,Paperback,£14.05,https://m.media-amazon.com/images/I/71GgYhnG-nL._AC_UY218_.jpg
Data Science and Machine Learning: Mathematical and Statistical Methods (Chapman & Hall/CRC Machine Learning & Pattern Recognition),4.7 out of 5 stars,Hardcover,£70.30,https://m.media-amazon.com/images/I/71n59dZHgPL._AC_UY218_.jpg
The Machine Learning Solutions Architect Handbook: Create machine learning platforms to run solutions in an enterprise setting,5.0 out of 5 stars,Paperback,£33.99,https://m.media-amazon.com/images/I/61f++N-wLYL._AC_UY218_.jpg
Natural Language Processing with Transformers: Building Language Applications with Hugging Face,4.4 out of 5 stars,Paperback,£34.51,https://m.media-amazon.com/images/I/81P2sVWFBEL._AC_UY218_.jpg
"MATLAB for Machine Learning: Practical examples of regression, clustering and neural networks",4.3 out of 5 stars,Paperback,£41.99,https://m.media-amazon.com/images/I/611muyRnDkL._AC_UY218_.jpg
Practical Machine Learning for Computer Vision: End-to-End Machine Learning for Images,4.4 out of 5 stars,Paperback,£39.69,https://m.media-amazon.com/images/I/81OAX7XZ9DL._AC_UY218_.jpg
"Learn Amazon SageMaker: A guide to building, training, and deploying machine learning models for developers and data scientists, 2nd Edition",4.5 out of 5 stars,Paperback,£33.99,https://m.media-amazon.com/images/I/614Dy9JraNL._AC_UY218_.jpg
Building Machine Learning Pipelines: Automating Model Life Cycles with Tensorflow,4.3 out of 5 stars,Paperback,£35.99,https://m.media-amazon.com/images/I/81Vimh5phfL._AC_UY218_.jpg
"Machine Learning, revised and updated edition (The MIT Press Essential Knowledge series)",4.5 out of 5 stars,Paperback,£10.41,https://m.media-amazon.com/images/I/71db2qR2nMS._AC_UY218_.jpg
Basics Of Machine Learning: Train A Machine Learning Model: Artificial Intelligence A Modern,,Paperback,£6.46,https://m.media-amazon.com/images/I/61rL-wbtHQS._AC_UY218_.jpg
Hands-On Genetic Algorithms with Python: Applying genetic algorithms to solve real-world deep learning and artificial intelligence problems,4.6 out of 5 stars,Paperback,£29.99,https://m.media-amazon.com/images/I/61uLMrmToJL._AC_UY218_.jpg
Hands-On Unsupervised Learning Using Python: How to Build Applied Machine Learning Solutions from Unlabeled Data,4.1 out of 5 stars,Paperback,£30.80,https://m.media-amazon.com/images/I/71Oifx7MnMS._AC_UY218_.jpg
Up and Running Google AutoML and AI Platform: Building Machine Learning and NLP Models Using AutoML and AI Platform for Production Environment,5.0 out of 5 stars,Paperback,£18.99,https://m.media-amazon.com/images/I/71GYH7gZkPL._AC_UY218_.jpg
MACHINE LEARNING: A Step-by-Step Guide on Machine Learning for Absolute Beginners,,Kindle Edition,£0.00,https://m.media-amazon.com/images/I/719xScH2DzL._AC_UY218_.jpg
Machine Learning for Factor Investing: R Version (Chapman & Hall/CRC Financial Mathematics Series),3.9 out of 5 stars,Paperback,£52.63,https://m.media-amazon.com/images/I/61f0Qy6fCCL._AC_UY218_.jpg
An Introduction to Machine Learning and Quantitative Finance: 0 (Advanced Textbooks In Mathematics),3.0 out of 5 stars,Hardcover,£51.72,https://m.media-amazon.com/images/I/61ENZ-BHNuL._AC_UY218_.jpg
Machine,4.1 out of 5 stars,Prime Video,£2.49,https://m.media-amazon.com/images/I/815-RaLDIkL._AC_UY218_.jpg
Practical Automated Machine Learning on Azure: Using Azure Machine Learning to Quickly Build AI Solutions,3.8 out of 5 stars,Paperback,£33.52,https://m.media-amazon.com/images/I/81-SGy1qqGL._AC_UY218_.jpg
Machine Learning: 4 Books in 1: Basic Concepts + Artificial Intelligence + Python Programming + Python Machine Learning. A Comprehensive Guide to Build Intelligent Systems Using Python Libraries,4.2 out of 5 stars,Kindle Edition,£0.00,https://m.media-amazon.com/images/I/81za5FW7uNL._AC_UY218_.jpg
Ensemble Machine Learning Cookbook: Over 35 practical recipes to explore ensemble machine learning techniques using Python,4.4 out of 5 stars,Paperback,£33.99,https://m.media-amazon.com/images/I/61+UPvUKRjL._AC_UY218_.jpg
"Learning Deep Learning: Theory and Practice of Neural Networks, Computer Vision, Natural Language Processing, and Transformers Using TensorFlow",4.6 out of 5 stars,Paperback,£31.49,https://m.media-amazon.com/images/I/51YxkXyzhqL._AC_UY218_.jpg
40 Algorithms Every Programmer Should Know: Hone your problem-solving skills by learning different algorithms and their implementation in Python,4.3 out of 5 stars,Kindle Edition,£13.64,https://m.media-amazon.com/images/I/91bOY3iP73L._AC_UY218_.jpg
Machine Learning for Finance: Principles and practice for financial insiders,3.1 out of 5 stars,Paperback,£29.99,https://m.media-amazon.com/images/I/619+x73oqVL._AC_UY218_.jpg
Programming Machine Learning: From Coding to Deep Learning,4.7 out of 5 stars,Paperback,£25.65,https://m.media-amazon.com/images/I/61BQ-1XSgtL._AC_UY218_.jpg
"Soup Maker Recipe Book UK: More than 120 Fast, Delicious and Healthy Soup Maker Dishes with Easy to Follow Instructions. Boost Your Immune System and Nourish the Soul.",4.1 out of 5 stars,Kindle Edition,£0.00,https://m.media-amazon.com/images/I/61GCx-t+w4L._AC_UY218_.jpg
Machine Learning Engineering in Action,,Paperback,£45.39,https://m.media-amazon.com/images/I/61HqqBZkdVL._AC_UY218_.jpg
"Awesome Machine Learning Specialist I Survived 2020: Funny Quarantine Toilet Paper Gift Notebook for Coworker, Appreciation, Birthday │ Blank Ruled Writing Journal Diary 6x9",,Paperback,£5.99,https://m.media-amazon.com/images/I/71AeCoqykWL._AC_UY218_.jpg
"Awesome Machine Learning Specialist I Survived 2020: Funny Quarantine Toilet Paper Gift Notebook for Coworker, Appreciation, Birthday │ Blank Ruled Writing Journal Diary 6x9",,Paperback,£5.99,https://m.media-amazon.com/images/I/71AeCoqykWL._AC_UY218_.jpg
Machine Learning for Hackers: Case Studies and Algorithms to Get You Started,3.7 out of 5 stars,Paperback,£31.08,https://m.media-amazon.com/images/I/51cwV1i8S6L._AC_UY218_.jpg
Learning Tensorflow.js: Powerful Machine Learning in JavaScript,4.6 out of 5 stars,Paperback,£22.37,https://m.media-amazon.com/images/I/819laFovqZS._AC_UY218_.jpg
Artificial Intelligence for Business: Understand Neural Networks and Machine Learning for Robotics. A Step-By-Step Method to Develop AI and Ml Projects for Business,4.5 out of 5 stars,Paperback,£10.64,https://m.media-amazon.com/images/I/61N9NGn+VML._AC_UY218_.jpg
The Hundred Decker Bus,4.8 out of 5 stars,Paperback,£5.79,https://m.media-amazon.com/images/I/61VHnlJuKEL._AC_UY218_.jpg
Monsters of Man,3.7 out of 5 stars,Prime Video,£3.99,https://m.media-amazon.com/images/I/71skSH+QSPL._AC_UY218_.jpg
"Machine Learning with BigQuery ML: Create, execute, and improve machine learning models in BigQuery using standard SQL queries",4.5 out of 5 stars,Paperback,£33.99,https://m.media-amazon.com/images/I/61IL7y24HKS._AC_UY218_.jpg
"Automated Machine Learning: Methods, Systems, Challenges (The Springer Series on Challenges in Machine Learning)",4.4 out of 5 stars,Hardcover,£44.99,https://m.media-amazon.com/images/I/616C4N9e24L._AC_UY218_.jpg
A Few Things I Know About Her: A Personally Machine Learning Inspired Approach to Understand Surrounding Nature (Intelligent Systems Reference Library Book 219),,Kindle Edition,£87.60,https://m.media-amazon.com/images/I/61rB93bX-AL._AC_UY218_.jpg
Machine Learning: A Journey to Deep Learning with Exercises and Answers,3.5 out of 5 stars,Hardcover,£118.99,https://m.media-amazon.com/images/I/71t5Ahs5w2L._AC_UY218_.jpg
"Beginning Apache Spark 3: With DataFrame, Spark SQL, Structured Streaming, and Spark Machine Learning Library",5.0 out of 5 stars,Paperback,£41.77,https://m.media-amazon.com/images/I/61CxdwZ6x4L._AC_UY218_.jpg
Introduction to Statistical and Machine Learning Methods for Data Science,5.0 out of 5 stars,Paperback,£19.72,https://m.media-amazon.com/images/I/615DdB6hAzL._AC_UY218_.jpg
"Python Machine Learning: Machine Learning and Deep Learning with Python, scikit-learn, and TensorFlow, 2nd Edition",4.4 out of 5 stars,Paperback,£32.99,https://m.media-amazon.com/images/I/71PCVqFXvgL._AC_UY218_.jpg
Graph Machine Learning: Take graph data to the next level by applying machine learning techniques and algorithms,4.1 out of 5 stars,Paperback,£33.99,https://m.media-amazon.com/images/I/61hbx6Z0y3S._AC_UY218_.jpg
Machine Learning in Production: Developing and Optimizing Data Science Workflows and Applications (Addison-Wesley Data & Analytics Series),2.7 out of 5 stars,Paperback,£32.99,https://m.media-amazon.com/images/I/81OHMBXyW3L._AC_UY218_.jpg
Teaching Machines: The History of Personalized Learning,3.3 out of 5 stars,Hardcover,£19.09,https://m.media-amazon.com/images/I/71s++7OH10L._AC_UY218_.jpg
"Python Machine Learning: Machine Learning and Deep Learning with Python, scikit-learn, and TensorFlow, 2nd Edition",4.4 out of 5 stars,Paperback,£32.99,https://m.media-amazon.com/images/I/71PCVqFXvgL._AC_UY218_.jpg
Graph Machine Learning: Take graph data to the next level by applying machine learning techniques and algorithms,4.1 out of 5 stars,Paperback,£33.99,https://m.media-amazon.com/images/I/61hbx6Z0y3S._AC_UY218_.jpg
Artificial Intelligence (WIRED guides): How Machine Learning Will Shape the Next Decade,4.5 out of 5 stars,Kindle Edition,£3.99,https://m.media-amazon.com/images/I/715LfkK4fKL._AC_UY218_.jpg
Machine Learning in Production: Developing and Optimizing Data Science Workflows and Applications (Addison-Wesley Data & Analytics Series),2.7 out of 5 stars,Paperback,£32.99,https://m.media-amazon.com/images/I/81OHMBXyW3L._AC_UY218_.jpg
Teaching Machines: The History of Personalized Learning,3.3 out of 5 stars,Hardcover,£19.09,https://m.media-amazon.com/images/I/71s++7OH10L._AC_UY218_.jpg
"The Only Cryptocurrency Investing Book You'll Ever Need: An Absolute Beginner's Guide to the Biggest ""Millionaire Maker"" Asset of 2022 and Beyond - Including How to Make Money from NFTs",4.5 out of 5 stars,Paperback,£12.26,https://m.media-amazon.com/images/I/61lsDLRjfzL._AC_UY218_.jpg
"Generative Deep Learning: Teaching Machines to Paint, Write, Compose and Play",4.5 out of 5 stars,Paperback,£35.99,https://m.media-amazon.com/images/I/71fGFYhl9WL._AC_UY218_.jpg
Machine Learning and Big Data with kdb+/q (Wiley Finance),4.6 out of 5 stars,Hardcover,£48.21,https://m.media-amazon.com/images/I/513mD7OX+aL._AC_UY218_.jpg
Blippi - Blippi's Educational Adventures for Kids,,Prime Video,£1.89,https://m.media-amazon.com/images/I/71zgiduQpcL._AC_UY218_.jpg
EEG Signal Processing and Machine Learning,,Hardcover,£68.62,https://m.media-amazon.com/images/I/81VRZYUKmJL._AC_UY218_.jpg
Machine Learning in Radiation Oncology: A Guide for Clinicians,,Paperback,£138.00,https://m.media-amazon.com/images/I/01RmK+J4pJL._AC_UY218_.gif
Artificial Intelligence and Machine Learning Fundamentals: Develop real-world applications powered by the latest AI advances,3.6 out of 5 stars,Paperback,£22.99,https://m.media-amazon.com/images/I/71XUDDhS3eL._AC_UY218_.jpg
"Mastering Machine Learning Algorithms: Expert techniques for implementing popular machine learning algorithms, fine-tuning your models, and understanding how they work, 2nd Edition",4.4 out of 5 stars,Paperback,£33.99,https://m.media-amazon.com/images/I/7165DyKirEL._AC_UY218_.jpg
INTERNET OF THINGS (IOT) FOR BEGINNERS AND EXPERTS: Beginner To Expert Guide On How The Internet Works In To Better Organisations And Businesses,,Kindle Edition,£0.00,https://m.media-amazon.com/images/I/71MpuNGEvdL._AC_UY218_.jpg
"Machine Learning Mastery With Python: Understand Your Data, Create Accurate Models and Work Projects End-To-End",,Paperback,£33.74,https://m.media-amazon.com/images/I/51EQe53T3GL._AC_UY218_.jpg
Machine Learning Concepts with Python and the Jupyter Notebook Environment: Using Tensorflow 2.0,2.5 out of 5 stars,Paperback,£18.92,https://m.media-amazon.com/images/I/61+RpukOlCL._AC_UY218_.jpg
"Machine Learning Mastery With Python: Understand Your Data, Create Accurate Models and Work Projects End-To-End",,Paperback,£33.74,https://m.media-amazon.com/images/I/51EQe53T3GL._AC_UY218_.jpg
Machine Learning Concepts with Python and the Jupyter Notebook Environment: Using Tensorflow 2.0,2.5 out of 5 stars,Paperback,£18.92,https://m.media-amazon.com/images/I/61+RpukOlCL._AC_UY218_.jpg
"I Love Machine Learning: Lined Notebook / Journal, 6"" x 9"", 120 Pages, Matte Finish, White paper",,Paperback,£5.15,https://m.media-amazon.com/images/I/61pNdX5uuCL._AC_UY218_.jpg
Pattern Recognition and Machine Learning (Information Science and Statistics),4.1 out of 5 stars,Paperback,£51.46,https://m.media-amazon.com/images/I/71qwesE5tWL._AC_UY218_.jpg
Getting Started with Amazon SageMaker Studio: Learn to build end-to-end machine learning projects in the SageMaker machine learning IDE,,Paperback,£29.99,https://m.media-amazon.com/images/I/61yjzh5MDOL._AC_UY218_.jpg
Introducing MLOps: How to Scale Machine Learning in the Enterprise,3.7 out of 5 stars,Paperback,£32.44,https://m.media-amazon.com/images/I/61C-LT8m2yS._AC_UY218_.jpg
Hands-On Mathematics for Deep Learning: Build a solid mathematical foundation for training efficient deep neural networks,4.2 out of 5 stars,Paperback,£29.99,https://m.media-amazon.com/images/I/71FzGHjNuEL._AC_UY218_.jpg
SQL: The Ultimate Intermediate Guide to Learning SQL Programming Step by Step (Computer Programming),4.4 out of 5 stars,Paperback,£18.99,https://m.media-amazon.com/images/I/61RFbd30NDL._AC_UY218_.jpg
Machine Learning and Data Science Blueprints for Finance: From Building Trading Strategies to Robo-Advisors Using Python,4.0 out of 5 stars,Paperback,£35.99,https://m.media-amazon.com/images/I/81dHL7pFWPL._AC_UY218_.jpg
A Computational Approach to Statistical Learning (Chapman & Hall/CRC Texts in Statistical Science),5.0 out of 5 stars,Hardcover,£66.99,https://m.media-amazon.com/images/I/614I054z+2L._AC_UY218_.jpg
Python Machine Learning for Beginners: All You Need to Know about Machine Learning with Python,5.0 out of 5 stars,Paperback,£9.95,https://m.media-amazon.com/images/I/61KfCRIlPTL._AC_UY218_.jpg
Machine Learning with Amazon SageMaker Cookbook: 80 proven recipes for data scientists and developers to perform machine learning experiments and deployments,4.6 out of 5 stars,Paperback,£37.99,https://m.media-amazon.com/images/I/61oRLO5cOSL._AC_UY218_.jpg
Introduction to Machine Learning with R: Rigorous Mathematical Analysis,4.1 out of 5 stars,Paperback,£26.65,https://m.media-amazon.com/images/I/91LEXW5sO1L._AC_UY218_.jpg
Automated Machine Learning on AWS: Fast-track the development of your production-ready machine learning applications the AWS way,,Paperback,£33.99,https://m.media-amazon.com/images/I/617YBa5hDZL._AC_UY218_.jpg
"Deep Learning with Python, Second Edition",4.9 out of 5 stars,Paperback,£45.36,https://m.media-amazon.com/images/I/61N9oTVT1IL._AC_UY218_.jpg
Hands–On Machine Learning with Scikit–Learn and TensorFlow,4.6 out of 5 stars,Paperback,,https://m.media-amazon.com/images/I/71P4atQpTbL._AC_UY218_.jpg
Introduction to Machine Learning with R: Rigorous Mathematical Analysis,4.1 out of 5 stars,Paperback,£26.65,https://m.media-amazon.com/images/I/91LEXW5sO1L._AC_UY218_.jpg
Automated Machine Learning on AWS: Fast-track the development of your production-ready machine learning applications the AWS way,,Paperback,£33.99,https://m.media-amazon.com/images/I/617YBa5hDZL._AC_UY218_.jpg
"Deep Learning with Python, Second Edition",4.9 out of 5 stars,Paperback,£45.36,https://m.media-amazon.com/images/I/61N9oTVT1IL._AC_UY218_.jpg
Hands–On Machine Learning with Scikit–Learn and TensorFlow,4.6 out of 5 stars,Paperback,,https://m.media-amazon.com/images/I/71P4atQpTbL._AC_UY218_.jpg
"Machine Learning: An Algorithmic Perspective, Second Edition (Chapman & Hall/CRC Machine Learning & Pattern Recognition)",4.2 out of 5 stars,Hardcover,£55.55,https://m.media-amazon.com/images/I/81w8rvxR+UL._AC_UY218_.jpg
"The Ultimate Modern Guide to Artificial Intelligence: Including Machine Learning, Deep Learning, IoT, Data Science, Robotics, The Future of Jobs, Required Upskilling and Intelligent Industries",4.1 out of 5 stars,Paperback,£12.49,https://m.media-amazon.com/images/I/71pVT4N6gVL._AC_UY218_.jpg
"Statistics, Data Mining, and Machine Learning in Astronomy: A Practical Python Guide for the Analysis of Survey Data, Updated Edition: 13 (Princeton Series in Modern Observational Astronomy, 13)",4.9 out of 5 stars,Hardcover,£47.18,https://m.media-amazon.com/images/I/81jP9Ip7f1L._AC_UY218_.jpg
A Machine Learning based Pairs Trading Investment Strategy (SpringerBriefs in Applied Sciences and Technology),5.0 out of 5 stars,Paperback,£36.99,https://m.media-amazon.com/images/I/51C+USMByFL._AC_UY218_.jpg
"Data-Driven Science and Engineering: Machine Learning, Dynamical Systems, and Control",,Hardcover,£43.99,https://m.media-amazon.com/images/I/51l55yq9w4L._AC_UY218_.jpg
Machine Learning With Python For Beginners: A Step-By-Step Guide with Hands-On Projects (Learn Coding Fast with Hands-On Project),4.4 out of 5 stars,Paperback,£12.24,https://m.media-amazon.com/images/I/61P8iNfgtEL._AC_UY218_.jpg
The Only Bitcoin Investing Book You’ll Ever Need: An Absolute Beginner’s Guide to the Cryptocurrency Which Is Changing the World and Your Finances in 2021 & Beyond,4.3 out of 5 stars,Paperback,£11.71,https://m.media-amazon.com/images/I/61oz1F5-3gL._AC_UY218_.jpg
"Continuous Machine Learning with Kubeflow: Performing Reliable MLOps with Capabilities of TFX, Sagemaker and Kubernetes (English Edition)",5.0 out of 5 stars,Paperback,£22.99,https://m.media-amazon.com/images/I/71Hf3c2gQiL._AC_UY218_.jpg
An Introduction to Python Programming: A Practical Approach: Using Python to Solve Complex Problems with a Burst of Machine Learning (English Edition),,Paperback,£25.99,https://m.media-amazon.com/images/I/61SayYbwwqL._AC_UY218_.jpg
"The Python Bible 5 in 1: Volumes One To Five (Beginner, Intermediate, Data Science, Machine Learning, Finance)",4.0 out of 5 stars,Paperback,£24.87,https://m.media-amazon.com/images/I/61+Z01eU-7L._AC_UY218_.jpg
"The Sciences of the Artificial, reissue of the third edition with a new introduction by John Laird",4.7 out of 5 stars,Kindle Edition,£20.79,https://m.media-amazon.com/images/I/81OF6zZ3qRL._AC_UY218_.jpg
Machine Learning Interviews,1.0 out of 5 stars,Paperback,£15.70,https://m.media-amazon.com/images/I/51mouno9w5L._AC_UY218_.jpg
I Predict Future: Funny Machine Learning Lined Notebook for Students and Data Scientists (6 x 9) 110 Pages,,Paperback,£5.40,https://m.media-amazon.com/images/I/71VlMVFByEL._AC_UY218_.jpg
Fun Q: A Functional Introduction to Machine Learning in Q,5.0 out of 5 stars,Paperback,£39.48,https://m.media-amazon.com/images/I/61cq-8jdk5L._AC_UY218_.jpg
Transcendence,4.2 out of 5 stars,Prime Video,£2.49,https://m.media-amazon.com/images/I/71zHlF75N+L._AC_UY218_.jpg
Deep Learning for Coders with fastai and PyTorch: AI Applications Without a PhD,4.7 out of 5 stars,Paperback,£37.35,https://m.media-amazon.com/images/I/91CB1tXICjL._AC_UY218_.jpg
"Learn AI with Python: Explore Machine Learning and Deep Learning techniques for Building Smart AI Systems Using Scikit-Learn, NLTK, NeuroLab, and Keras (English Edition)",4.4 out of 5 stars,Paperback,£21.99,https://m.media-amazon.com/images/I/714RXauImcL._AC_UY218_.jpg
"Automated Machine Learning: Hyperparameter optimization, neural architecture search, and algorithm selection with cloud platforms",3.9 out of 5 stars,Paperback,£33.99,https://m.media-amazon.com/images/I/71rEb5ljfoL._AC_UY218_.jpg
"Machine Learning :The Complete Step-By-Step Guide To Learning and Understanding Machine Learning From Beginners, Intermediate Advanced, To Expert Concepts and Techniques",3.0 out of 5 stars,Paperback,£22.88,https://m.media-amazon.com/images/I/61emaWAK+nL._AC_UY218_.jpg
Machine learning with Python: The Definitive Tool to Improve Your Python Programming and Deep Learning to Take You to The Next Level of Coding and Algorithms Optimization,4.4 out of 5 stars,Paperback,£17.95,https://m.media-amazon.com/images/I/61nnrwpMMFL._AC_UY218_.jpg
Machine Learning: This book includes: Basic Concepts + Artificial Intelligence + Python Programming + Python Machine Learning. A Comprehensive Guide ... Using Python Libraries and Advanced Features,3.0 out of 5 stars,Paperback,£20.99,https://m.media-amazon.com/images/I/718vCB3So1L._AC_UY218_.jpg
"Machine Learning: 2 Books in 1 – The Complete Guide for Beginners to Master Neural Networks, Artificial Intelligence, and Data Science with Python (2nd Edition) (Python Programming)",4.2 out of 5 stars,Kindle Edition,£0.00,https://m.media-amazon.com/images/I/71tGzn+k1XL._AC_UY218_.jpg
The Alignment Problem: How Can Artificial Intelligence Learn Human Values?,4.4 out of 5 stars,Paperback,£8.64,https://m.media-amazon.com/images/I/71t-Mx0dArL._AC_UY218_.jpg
A Thousand Brains: A New Theory of Intelligence,4.5 out of 5 stars,Hardcover,£15.99,https://m.media-amazon.com/images/I/71Q6YeQYz7L._AC_UY218_.jpg
"Mastering Azure Machine Learning: Execute large-scale end-to-end machine learning with Azure, 2nd Edition",,Paperback,£33.99,https://m.media-amazon.com/images/I/81sG5Jt13HL._AC_UY218_.jpg
"Patterns, Predictions, and Actions: Foundations of Machine Learning",,Hardcover,£37.48,https://m.media-amazon.com/images/I/01RmK+J4pJL._AC_UY218_.gif
"PYTHON PROGRAMMING FOR BEGINNERS: A CRASH COURSE WITH HANDS-ON PROJECTS TO LEARN PYTHON CODING, GAME PROGRAMMING WITH NO CODING EXPERIENCE IN 7 DAYS TO MASTER MACHINE LEARNING & BIG DATA ANALYSIS",4.3 out of 5 stars,Paperback,£19.97,https://m.media-amazon.com/images/I/61+0JXDhNNL._AC_UY218_.jpg
Machine Learning by Tutorials (Second Edition): Beginning Machine Learning for Apple and iOS,5.0 out of 5 stars,Paperback,£43.22,https://m.media-amazon.com/images/I/61Nhquas2DS._AC_UY218_.jpg
"Hands-On Machine Learning with C++: Build, train, and deploy end-to-end machine learning and deep learning pipelines",4.2 out of 5 stars,Paperback,£37.99,https://m.media-amazon.com/images/I/71VeLeHs3KL._AC_UY218_.jpg
Machine Learning with Quantum Computers (Quantum Science and Technology),5.0 out of 5 stars,Hardcover,£109.99,https://m.media-amazon.com/images/I/613X-AikjoL._AC_UY218_.jpg
Statistics for Machine Learning: Implement Statistical methods used in Machine Learning using Python (English Edition),3.7 out of 5 stars,Paperback,£19.47,https://m.media-amazon.com/images/I/61NfQzg8f5L._AC_UY218_.jpg
Amazon SageMaker Best Practices: Proven tips and tricks to build successful machine learning solutions on Amazon SageMaker,5.0 out of 5 stars,Paperback,£33.99,https://m.media-amazon.com/images/I/61NvDnlbwPL._AC_UY218_.jpg
"Business Data Science: Combining Machine Learning and Economics to Optimize, Automate, and Accelerate Business Decisions (BUSINESS BOOKS)",4.4 out of 5 stars,Hardcover,£21.45,https://m.media-amazon.com/images/I/516nl0MWn9L._AC_UY218_.jpg
"Learning with Kernels: Support Vector Machines, Regularization, Optimization, and Beyond (Adaptive Computation and Machine Learning series)",4.3 out of 5 stars,Paperback,£49.44,https://m.media-amazon.com/images/I/71929Dhy5YL._AC_UY218_.jpg
Artificial Intelligence with Python Cookbook: Proven recipes for applying AI algorithms and deep learning techniques using TensorFlow 2.x and PyTorch 1.6,4.8 out of 5 stars,Paperback,£29.99,https://m.media-amazon.com/images/I/71AYb2vi2aL._AC_UY218_.jpg
Machine Learning with PySpark: With Natural Language Processing and Recommender Systems,4.5 out of 5 stars,Paperback,£31.49,https://m.media-amazon.com/images/I/61d2AJ5WDxL._AC_UY218_.jpg
Machine Learning Guide,,Podcast,£0.00,https://m.media-amazon.com/images/I/81F2bw8zaiL._AC_UY218_.jpg
Machine Learning: a Concise Introduction: 285 (Wiley Series in Probability and Statistics),5.0 out of 5 stars,Hardcover,£66.68,https://m.media-amazon.com/images/I/81PwdxuCQ7L._AC_UY218_.jpg
Big Data and Machine Learning in Quantitative Investment (Wiley Finance),4.3 out of 5 stars,Hardcover,£33.56,https://m.media-amazon.com/images/I/81ZUps3GK9S._AC_UY218_.jpg
Machines that Think: Everything you need to know about the coming age of artificial intelligence (New Scientist Instant Expert),4.7 out of 5 stars,Paperback,£8.75,https://m.media-amazon.com/images/I/61iDs4S0OIL._AC_UY218_.jpg
"Machine Learning: A Complete Exploration of Highly Advanced Machine Learning Concepts, Best Practices, and Techniques",5.0 out of 5 stars,Audible Audiobooks,£0.00,https://m.media-amazon.com/images/I/81xXz6hQ4EL._AC_UY218_.jpg
"Mastering Deep Learning with Python: 2 Manuscripts: The Ultimate Step By Step Guide To Learn Mastering Deep Learning & Python In 7 Days (Machine Learning, Data Science and Artificial Intelligence)",4.5 out of 5 stars,Kindle Edition,£0.00,https://m.media-amazon.com/images/I/91ucTfMFRfL._AC_UY218_.jpg
Read with Oxford: Stages 5-6: My Winnie and Wilbur Reading and Activity Kit,4.7 out of 5 stars,Paperback,£11.28,https://m.media-amazon.com/images/I/51Jm0879bcL._AC_UY218_.jpg
Now Go Build with Werner Vogels,,Prime Video,,https://m.media-amazon.com/images/I/71rzp1qHzBL._AC_UY218_.jpg
Now Go Build with Werner Vogels,,Prime Video,,https://m.media-amazon.com/images/I/71rzp1qHzBL._AC_UY218_.jpg
Machine Learning: 2 Books in 1: An Introduction Math Guide for Beginners to Understand Data Science Through the Business Applications,3.4 out of 5 stars,Paperback,£3.03,https://m.media-amazon.com/images/I/71vf7NoqsSL._AC_UY218_.jpg
I Predict Future: Funny Machine Learning Lined Notebook for Students and Data Scientists (6 x 9) 110 Pages,,Paperback,£5.40,https://m.media-amazon.com/images/I/417VTlK0R5L._AC_UY218_.jpg
Understanding Machine Learning: From Theory to Algorithms,4.3 out of 5 stars,Hardcover,£39.83,https://m.media-amazon.com/images/I/714PHcpl55L._AC_UY218_.jpg
"The Calabi–Yau Landscape: From Geometry, to Physics, to Machine Learning: 2293 (Lecture Notes in Mathematics, 2293)",5.0 out of 5 stars,Paperback,£49.99,https://m.media-amazon.com/images/I/51vMIKsnSgL._AC_UY218_.jpg
Python: For Beginners A Crash Course Guide To Learn Python in 1 Week,4.2 out of 5 stars,Paperback,£14.99,https://m.media-amazon.com/images/I/61Lt967F+2L._AC_UY218_.jpg
Monroe Doctrine : Volume VII,,Kindle Edition,£7.99,https://m.media-amazon.com/images/I/61KFQOTC5VL._AC_UY218_.jpg
Genetic Algorithms and Machine Learning for Programmers: Create AI Models and Evolve Solutions (Pragmatic Programmers),4.0 out of 5 stars,Paperback,£24.99,https://m.media-amazon.com/images/I/81KVBsY0EPL._AC_UY218_.jpg
"Beginning Mathematica and Wolfram for Data Science: Applications in Data Analysis, Machine Learning, and Neural Networks",3.3 out of 5 stars,Paperback,£25.10,https://m.media-amazon.com/images/I/61dGN1dzp-L._AC_UY218_.jpg
"Machine Learning with the Elastic Stack: Gain valuable insights from your data with Elastic Stack's machine learning features, 2nd Edition",5.0 out of 5 stars,Paperback,£33.99,https://m.media-amazon.com/images/I/71LYv2C1ehS._AC_UY218_.jpg
Fundamentals of Pattern Recognition and Machine Learning,5.0 out of 5 stars,Paperback,£44.99,https://m.media-amazon.com/images/I/51JtMg1BDxL._AC_UY218_.jpg
Intelligent Workloads at the Edge: Deliver cyber-physical outcomes with data and machine learning using AWS IoT Greengrass,5.0 out of 5 stars,Paperback,£33.99,https://m.media-amazon.com/images/I/61JTEAPtOuL._AC_UY218_.jpg
"Machine Learning Algorithms: Popular algorithms for data science and machine learning, 2nd Edition",4.2 out of 5 stars,Paperback,£37.99,https://m.media-amazon.com/images/I/61neNbg2g5L._AC_UY218_.jpg
Machine Learning: The Art and Science of Algorithms that Make Sense of Data,4.2 out of 5 stars,Paperback,£34.61,https://m.media-amazon.com/images/I/71hXFJuIHvL._AC_UY218_.jpg
"Machine Learning: The World of Artificial Inteligence & Data Science, Data Mining and Data Analysis",1.0 out of 5 stars,Audible Audiobooks,£0.00,https://m.media-amazon.com/images/I/811qiW2n4nL._AC_UY218_.jpg
"Computer Programming and Cyber Security for Beginners: This Book Includes: Python Machine Learning, SQL, Linux, Hacking with Kali Linux, Ethical Hacking. Coding and Cybersecurity Fundamentals",4.4 out of 5 stars,Audible Audiobooks,£0.00,https://m.media-amazon.com/images/I/81L90U+DKeL._AC_UY218_.jpg
Mastering Azure Machine Learning: Perform large-scale end-to-end advanced machine learning in the cloud with Microsoft Azure Machine Learning: Perform ... learning on the cloud with Microsoft Azure ML,4.6 out of 5 stars,Paperback,£33.99,https://m.media-amazon.com/images/I/71HDMaUIBHL._AC_UY218_.jpg
"Building Recommender Systems with Machine Learning and AI: Help people discover new products and content with deep learning, neural networks, and machine learning recommendations.",,Paperback,£30.02,https://m.media-amazon.com/images/I/61EIX0fejYL._AC_UY218_.jpg
Machine Learning: A Complete Step by Step Guide to Understand Machine Learning and Artificial Intelligence for Beginners,,Audible Audiobooks,£0.00,https://m.media-amazon.com/images/I/81QCbadelCL._AC_UY218_.jpg
"Machine Learning in Python: Hands on Machine Learning with Python Tools, Concepts and Techniques",3.0 out of 5 stars,Paperback,£14.99,https://m.media-amazon.com/images/I/61lYWzsRaoL._AC_UY218_.jpg
"Python: 3 books in 1- Your complete guide to python programming with Python for Beginners, Python Data Analysis and Python Machine Learning",4.5 out of 5 stars,Kindle Edition,£8.43,https://m.media-amazon.com/images/I/81VzJt8e3fL._AC_UY218_.jpg
"Transformers for Natural Language Processing: Build, train, and fine-tune deep neural network architectures for NLP with Python, PyTorch, TensorFlow, BERT, and GPT-3, 2nd Edition",4.6 out of 5 stars,Paperback,£29.99,https://m.media-amazon.com/images/I/61G-3AqgJwL._AC_UY218_.jpg
Going Deep With David Rees,4.4 out of 5 stars,Prime Video,£0.99,https://m.media-amazon.com/images/I/61gmlEWSiHL._AC_UY218_.jpg
Machine Learning with the Elastic Stack: Expert techniques to integrate machine learning with distributed search and analytics,4.7 out of 5 stars,Paperback,£29.99,https://m.media-amazon.com/images/I/61ey-U4rPnL._AC_UY218_.jpg
Linear Algebra and Optimization for Machine Learning: A Textbook,4.7 out of 5 stars,Hardcover,£48.36,https://m.media-amazon.com/images/I/71wcS2WDtPL._AC_UY218_.jpg
Hyperparameter Optimization in Machine Learning: Make Your Machine Learning and Deep Learning Models More Efficient,5.0 out of 5 stars,Paperback,£29.72,https://m.media-amazon.com/images/I/61Nck6hfcJL._AC_UY218_.jpg
"Python for Probability, Statistics, and Machine Learning",4.4 out of 5 stars,Hardcover,£50.75,https://m.media-amazon.com/images/I/61JqjlWcIEL._AC_UY218_.jpg
Machine Learning: Make Your Own Recommender System: 3 (Machine Learning From Scratch),4.2 out of 5 stars,Paperback,£9.37,https://m.media-amazon.com/images/I/61iPOYDq6AS._AC_UY218_.jpg
Designing Machine Learning Systems: An Iterative Process for Production-Ready Applications,,Paperback,£42.23,https://m.media-amazon.com/images/I/81aSHEzSB1L._AC_UY218_.jpg
The Kaggle Book: Data analysis and machine learning for competitive data science: How to compete on Kaggle and build a successful career in data science,,Paperback,£29.99,https://m.media-amazon.com/images/I/81u1xBBdUcL._AC_UY218_.jpg
"Engineering MLOps: Rapidly build, test, and manage production-ready machine learning life cycles at scale",3.3 out of 5 stars,Paperback,£33.99,https://m.media-amazon.com/images/I/61pOUDZCBdS._AC_UY218_.jpg
"Machine Learning for Signal Processing: Data Science, Algorithms, and Computational Statistics",4.1 out of 5 stars,Hardcover,£50.99,https://m.media-amazon.com/images/I/51haXb5FfkL._AC_UY218_.jpg
The Alignment Problem: Machine Learning and Human Values,4.6 out of 5 stars,Audible Audiobooks,£0.00,https://m.media-amazon.com/images/I/91Sa1Vl1bZL._AC_UY218_.jpg
Text Mining with Machine Learning: Principles and Techniques,5.0 out of 5 stars,Paperback,£32.40,https://m.media-amazon.com/images/I/61uA1NFK7pS._AC_UY218_.jpg
